"['浑南', '新市府']",保利紫荆公馆三期,180,14884,"['3室2厅2卫', '高楼层 (共33层)', '120.94㎡', '暂无数据', '板楼', '南 北', '钢混结构', '其他', '三梯两户', '集中供暖', '有']"
"['于洪', '荷兰村']",西江苑,102,8013,"['3室2厅2卫', '中楼层 (共8层)', '127.3㎡', '平层', '板楼', '南 北', '混合结构', '其他', '一梯两户', '集中供暖', '有']"
"['沈北新区', '道义']",三盛颐景蓝湾,53,6721,"['2室2厅1卫', '低楼层 (共32层)', '78.86㎡', '暂无数据', '板塔结合', '南', '钢混结构', '其他', '一梯四户', '集中供暖', '有']"
"['皇姑', '长客']",柳湖绿园,33,7518,"['1室1厅1卫', '中楼层 (共12层)', '43.9㎡', '暂无数据', '板楼', '南', '钢混结构', '其他', '一梯三户', '集中供暖', '有']"
"['浑南', '二十一世纪']",万科新榆公馆,76,10700,"['2室1厅1卫', '高楼层 (共25层)', '71.03㎡', '平层', '板楼', '东 南 北', '钢混结构', '其他', '一梯三户', '集中供暖', '有']"
"['和平', '长白']",天河家园一期,180,11689,"['3室1厅2卫', '高楼层 (共6层)', '154㎡', '错层', '板楼', '南 北', '混合结构', '其他', '一梯两户', '集中供暖']"
"['铁西', '重工街']",美好愿景,70,9169,"['2室1厅1卫', '中楼层 (共27层)', '76.35㎡', '平层', '板楼', '东南', '钢混结构', '其他', '一梯六户', '集中供暖', '有']"
"['铁西', '北二路']",欧尚一品,106,11820,"['2室2厅2卫', '高楼层 (共6层)', '89.68㎡', '暂无数据', '板楼', '南 北', '砖混结构', '其他', '一梯两户', '集中供暖']"
"['皇姑', '北行']",紫荆花社区,50,8929,"['2室1厅1卫', '高楼层 (共7层)', '56㎡', '平层', '板塔结合', '东 西', '混合结构', '其他', '一梯四户', '集中供暖', '有']"
"['于洪', '于洪新城']",瑞景华庭铂邸,100,13586,"['2室1厅2卫', '低楼层 (共9层)', '73.61㎡', '暂无数据', '板楼', '西南', '钢混结构', '其他', '一梯六户', '有']"
"['浑南', '沈抚新区']",保利白沙林语,113,8371,"['4室2厅2卫', '高楼层 (共6层)', '135㎡', '平层', '板楼', '南 西 北', '钢混结构', '其他', '一梯两户', '集中供暖']"
"['大东', '陶瓷城']",金地檀悦,115,10109,"['3室1厅1卫', '高楼层 (共34层)', '113.77㎡', '平层', '板楼', '南 北', '钢混结构', '其他', '一梯两户', '集中供暖', '有']"
"['铁西', '启工街']",第一城A组团,130,11293,"['3室2厅2卫', '中楼层 (共24层)', '115.12㎡', '暂无数据', '板塔结合', '南 北', '钢混结构', '精装', '两梯四户', '集中供暖', '有']"
"['铁西', '经济技术开发区']",中南熙悦,80,12122,"['2室2厅1卫', '中楼层 (共34层)', '66㎡', '平层', '板楼', '南 北', '钢混结构', '其他', '一梯两户', '集中供暖']"
"['铁西', '重工街']",美好愿景,110,9236,"['3室1厅1卫', '中楼层 (共27层)', '119.1㎡', '平层', '板楼', '南 北', '钢混结构', '其他', '一梯七户', '集中供暖', '有']"
"['铁西', '保工南']",富馨花园,122,10549,"['3室2厅2卫', '高楼层 (共7层)', '115.66㎡', '暂无数据', '板楼', '南 北', '砖混结构', '其他', '一梯两户', '集中供暖']"
"['浑南', '新南站']",华发全运首府（和硕园）,83,10150,"['2室2厅1卫', '高楼层 (共33层)', '81.78㎡', '暂无数据', '板楼', '南 北', '钢混结构', '其他', '一梯两户', '集中供暖', '有']"
"['浑南', '新市府']",月星中央公园,260,17392,"['3室2厅2卫', '低楼层 (共6层)', '149.5㎡', '暂无数据', '板楼', '南 北', '钢混结构', '其他', '一梯两户', '集中供暖', '有']"
"['沈北新区', '正良']",步阳江南甲第二期,120,10170,"['3室1厅2卫', '低楼层 (共6层)', '118㎡', '暂无数据', '板楼', '西南 北 南', '钢混结构', '其他', '一梯两户', '集中供暖']"
"['于洪', '于洪新城']",碧桂园银河城星荟,90,10896,"['2室1厅1卫', '中楼层 (共30层)', '82.6㎡', '暂无数据', '板楼', '南 北', '钢混结构', '精装', '一梯三户', '集中供暖', '有']"
"['沈北新区', '道义']",汇置尚都,120,11645,"['3室2厅2卫', '高楼层 (共33层)', '103.05㎡', '暂无数据', '板楼', '南 北', '钢混结构', '其他', '一梯两户', '集中供暖', '有']"
"['沈河', '金廊']",宝能GFC,540,35366,"['3室2厅2卫', '中楼层 (共56层)', '152.69㎡', '暂无数据', '板楼', '南 北', '钢混结构', '其他', '三梯五户', '集中供暖', '有']"
"['沈北新区', '正良']",青年派,24,6691,"['1室1厅1卫', '低楼层 (共18层)', '35.87㎡', '暂无数据', '板楼', '南', '钢混结构', '其他', '一梯十二户', '集中供暖', '有']"
"['浑南', '奥体']",万锦香樟树一二期,78,15560,"['1室1厅1卫', '低楼层 (共33层)', '50.13㎡', '暂无数据', '板楼', '南', '钢混结构', '其他', '一梯三户', '集中供暖', '有']"
"['皇姑', '塔湾']",延河社区,52.9,13379,"['1室1厅1卫', '低楼层 (共7层)', '39.54㎡', '平层', '板塔结合', '东 西', '混合结构', '简装', '一梯两户', '集中供暖']"
"['大东', '黎明']",和睦亭社区,35,7957,"['2室1厅1卫', '中楼层 (共6层)', '43.99㎡', '暂无数据', '板楼', '南 北', '砖混结构', '其他', '一梯三户', '集中供暖']"
"['苏家屯', '会展中心']",唯美尚品,85,8763,"['2室2厅1卫', '中楼层 (共12层)', '97㎡', '暂无数据', '板楼', '南 北', '钢混结构', '其他', '两梯两户', '集中供暖', '有']"
"['浑南', '二十一世纪']",万科明天广场,132,14348,"['2室2厅1卫', '中楼层 (共33层)', '92㎡', '暂无数据', '板楼', '南 北', '钢混结构', '精装', '一梯两户', '集中供暖', '有']"
"['和平', '长白']",万科鹿特丹,300,21306,"['3室2厅2卫', '低楼层 (共31层)', '140.81㎡', '暂无数据', '板楼', '南 北', '钢混结构', '精装', '一梯两户', '集中供暖', '有']"
"['于洪', '于洪广场']",玉带明苑,50,7937,"['2室1厅1卫', '高楼层 (共6层)', '63㎡', '暂无数据', '板楼', '南', '钢混结构', '其他', '一梯三户', '集中供暖']"
"['和平', '长白']",万科城三期,178,15670,"['2室1厅1卫', '中楼层 (共31层)', '113.6㎡', '平层', '板塔结合', '东南', '钢混结构', '精装', '一梯六户', '集中供暖', '有']"
"['和平', '长白']",长安佳园,70,14584,"['1室1厅1卫', '高楼层 (共18层)', '48㎡', '平层', '板楼', '南', '钢混结构', '简装', '一梯三户', '集中供暖', '有']"
"['于洪', '丁香湖']",凤凰水城,93,9149,"['3室1厅1卫', '高楼层 (共33层)', '101.66㎡', '平层', '板楼', '南 北', '砖混结构', '精装', '两梯两户', '集中供暖', '有']"
"['铁西', '经济技术开发区']",中南世纪城,35.5,8577,"['1室1厅1卫', '高楼层 (共23层)', '41.39㎡', '平层', '板楼', '南', '钢混结构', '精装', '一梯三户', '集中供暖', '有']"
"['浑南', '白塔']",信达理想城二期,60,10044,"['1室1厅1卫', '低楼层 (共11层)', '59.74㎡', '平层', '板楼', '南', '钢混结构', '精装', '一梯三户', '集中供暖', '有']"
"['皇姑', '四台子']",华润翡翠城,86,10997,"['2室1厅1卫', '高楼层 (共27层)', '78.21㎡', '平层', '60.01㎡', '板楼', '南 北', '钢混结构', '毛坯', '两梯一户', '集中供暖', '有']"
"['铁西', '重工街']",美好愿景,70,9169,"['2室1厅1卫', '中楼层 (共27层)', '76.35㎡', '平层', '板楼', '东南', '钢混结构', '其他', '一梯六户', '集中供暖', '有']"
"['皇姑', '北行']",紫荆花社区,50,8929,"['2室1厅1卫', '高楼层 (共7层)', '56㎡', '平层', '板塔结合', '东 西', '混合结构', '其他', '一梯四户', '集中供暖', '有']"
"['皇姑', '三台子']",利生丽园二期,48,7085,"['2室1厅1卫', '中楼层 (共6层)', '67.75㎡', '平层', '板楼', '南 北', '钢混结构', '简装', '一梯三户', '集中供暖']"
"['皇姑', '四台子']",中冶溪湖芳庭,71,7804,"['2室1厅1卫', '低楼层 (共18层)', '90.98㎡', '平层', '板楼', '南 北', '钢混结构', '其他', '一梯三户', '集中供暖', '有']"
"['于洪', '于洪新城']",碧桂园银河城锦园,110,11658,"['2室1厅1卫', '中楼层 (共33层)', '94.36㎡', '平层', '板楼', '南 北', '钢混结构', '精装', '一梯两户', '集中供暖', '有']"
"['铁西', '重工街']",美好愿景,55,8184,"['2室1厅1卫', '低楼层 (共27层)', '67.21㎡', '平层', '板楼', '西', '钢混结构', '其他', '两梯六户', '集中供暖', '有']"
"['浑南', '长青']",华发岭南荟,290,18543,"['3室2厅2卫', '中楼层 (共7层)', '156.4㎡', '平层', '板楼', '南 北', '砖混结构', '精装', '两梯两户', '集中供暖', '有']"
"['大东', '八王寺']",吉祥花园,109,8624,"['3室1厅1卫', '低楼层 (共7层)', '126.4㎡', '平层', '板楼', '南 北', '混合结构', '其他', '一梯两户', '集中供暖']"
"['浑南', '新市府']",恒大盛京印象,117,13600,"['2室2厅1卫', '中楼层 (共31层)', '86.03㎡', '平层', '板楼', '南 北', '钢混结构', '精装', '一梯两户', '集中供暖', '有']"
"['沈北新区', '道义']",碧桂园太阳城,55,9255,"['1室1厅1卫', '高楼层 (共30层)', '59.43㎡', '平层', '板楼', '南', '钢混结构', '精装', '两梯三户', '集中供暖', '有']"
"['于洪', '于洪新城']",阳光100国际新城G组团,79,9635,"['3室1厅1卫', '低楼层 (共27层)', '82㎡', '平层', '塔楼', '西', '钢混结构', '其他', '三梯七户', '集中供暖', '有']"
"['浑南', '白塔']",金石小镇,195,14913,"['4室2厅2卫', '高楼层 (共11层)', '130.76㎡', '平层', '板楼', '南 北', '钢混结构', '其他', '一梯两户', '集中供暖', '有']"
"['于洪', '西三台子']",银亿格兰郡,85,10243,"['2室1厅1卫', '中楼层 (共23层)', '82.99㎡', '平层', '板楼', '南 北', '钢混结构', '其他', '两梯三户', '集中供暖', '有']"
"['浑南', '长青']",金地滨河国际,110,11994,"['2室2厅1卫', '高楼层 (共31层)', '91.72㎡', '平层', '板楼', '南 北', '钢混结构', '其他', '一梯两户', '集中供暖', '有']"
"['浑南', '白塔']",碧桂园公园里,110,12236,"['3室1厅1卫', '中楼层 (共6层)', '89.9㎡', '平层', '板楼', '南 北', '钢混结构', '其他', '一梯两户', '集中供暖']"
"['皇姑', '四台子']",瑞赛居圣苑,36,5992,"['1室1厅1卫', '高楼层 (共17层)', '60.09㎡', '平层', '板楼', '西北', '钢混结构', '其他', '两梯三户', '集中供暖', '有']"
"['浑南', '新市府']",绿城全运村百合苑A区,144,15329,"['2室1厅1卫', '低楼层 (共11层)', '93.94㎡', '平层', '板楼', '南 北', '钢混结构', '其他', '两梯两户', '集中供暖', '有']"
"['浑南', '东湖']",荣盛紫提东郡一期,133,9709,"['4室1厅2卫', '高楼层 (共18层)', '136.99㎡', '错层', '板楼', '南 西 北', '钢混结构', '其他', '一梯两户', '集中供暖', '有']"
"['皇姑', '长客']",幸福家园,88,6424,"['3室1厅1卫', '高楼层 (共7层)', '137㎡', '错层', '板楼', '南 北', '砖混结构', '其他', '两梯两户', '集中供暖', '有']"
"['浑南', '长青']",华润奉天九里,215,17032,"['3室2厅2卫', '高楼层 (共25层)', '126.24㎡', '平层', '板楼', '南 北', '钢混结构', '其他', '一梯两户', '集中供暖', '有']"
"['沈河', '五爱']",永顺社区,30,6667,"['1室1厅1卫', '高楼层 (共9层)', '45㎡', '平层', '板楼', '东南', '钢混结构', '其他', '一梯八户', '集中供暖']"
"['铁西', '张士']",万科西华府,240,21239,"['3室1厅2卫', '中楼层 (共6层)', '113㎡', '平层', '板楼', '南 北', '钢混结构', '精装', '一梯两户', '集中供暖', '有']"
"['沈北新区', '道义']",雅居乐花园A地块,65,9490,"['2室1厅1卫', '高楼层 (共31层)', '68.5㎡', '平层', '板楼', '西南', '钢混结构', '精装', '两梯九户', '集中供暖', '有']"
"['浑南', '东湖']",恒大江湾一二期,86,9715,"['2室1厅1卫', '低楼层 (共24层)', '88.53㎡', '平层', '板楼', '南 北', '钢混结构', '其他', '两梯四户', '集中供暖', '有']"
"['铁西', '滑翔']",鸿凯花园,120,7143,"['4室2厅2卫', '高楼层 (共6层)', '168㎡', '错层', '板楼', '北 南', '框架结构', '其他', '一梯两户', '集中供暖']"
"['苏家屯', '会展中心']",奥园会展广场,34,5636,"['1室1厅1卫', '高楼层 (共32层)', '60.33㎡', '平层', '塔楼', '北', '钢混结构', '其他', '三梯十一户', '集中供暖', '有']"
"['于洪', '西三台子']",宝郡盛唐雍景,110,10899,"['3室2厅1卫', '高楼层 (共27层)', '100.93㎡', '暂无数据', '板楼', '南 北', '钢混结构', '其他', '一梯三户', '集中供暖']"
"['苏家屯', '会展中心']",奥园会展广场,26,5099,"['1室1厅1卫', '低楼层 (共30层)', '51㎡', '暂无数据', '板楼', '南', '钢混结构', '其他', '两梯二十户', '集中供暖', '有']"
"['皇姑', '三台子']",百花小区,51,6748,"['2室2厅1卫', '中楼层 (共6层)', '75.58㎡', '暂无数据', '板楼', '南', '混合结构', '其他', '一梯两户', '集中供暖']"
"['铁西', '经济技术开发区']",荣盛锦绣天地,28.5,7703,"['1室1厅1卫', '中楼层 (共18层)', '37㎡', '暂无数据', '板楼', '南', '钢混结构', '精装', '两梯四户', '集中供暖', '有']"
"['于洪', '于洪广场']",和泰馨城香樟园,49,7425,"['2室1厅1卫', '低楼层 (共6层)', '66㎡', '暂无数据', '板塔结合', '南 北', '钢混结构', '其他', '一梯三户', '集中供暖']"
"['大东', '八王寺']",旭升社区,40,6780,"['2室1厅1卫', '中楼层 (共6层)', '59㎡', '暂无数据', '板楼', '南 北', '砖混结构', '其他', '一梯三户', '集中供暖']"
"['铁西', '张士']",金地铁西檀府,99,11928,"['2室2厅1卫', '中楼层 (共33层)', '83㎡', '暂无数据', '板楼', '南 北', '钢混结构', '毛坯', '一梯两户', '集中供暖', '有']"
"['浑南', '长青']",万科金域蓝湾,249,16997,"['3室2厅2卫', '低楼层 (共24层)', '146.5㎡', '暂无数据', '板楼', '南 北', '钢混结构', '其他', '一梯两户', '集中供暖', '有']"
"['沈北新区', '蒲河新城']",龙湖滟澜山,145,13680,"['2室1厅1卫', '低楼层 (共3层)', '106㎡', '暂无数据', '板楼', '南 北', '钢混结构', '其他', '一梯十六户', '集中供暖']"
"['铁西', '经济技术开发区']",新湖青蓝国际,66,9711,"['2室1厅1卫', '高楼层 (共28层)', '67.97㎡', '平层', '板楼', '西南', '钢混结构', '精装', '两梯四户', '集中供暖', '有']"
"['和平', '南湖']",铁厦社区,80,17978,"['2室1厅1卫', '中楼层 (共6层)', '44.5㎡', '暂无数据', '板楼', '南 北', '砖混结构', '精装', '一梯两户', '集中供暖']"
"['皇姑', '首府新区']",万科首府未来城,150,14715,"['3室2厅1卫', '低楼层 (共18层)', '101.94㎡', '平层', '板楼', '南 北', '钢混结构', '其他', '一梯两户', '集中供暖']"
"['大东', '陶瓷城']",宏缘50号公馆,55,8925,"['2室1厅1卫', '中楼层 (共32层)', '61.63㎡', '暂无数据', '板楼', '南 北', '砖混结构', '其他', '一梯五户', '集中供暖', '有']"
"['苏家屯', '会展中心']",澳海南樾府,166,14866,"['3室2厅2卫', '低楼层 (共7层)', '111.67㎡', '平层', '板楼', '南 北', '钢混结构', '其他', '一梯两户', '集中供暖']"
"['铁西', '霁虹']",鑫丰又一城,72,11395,"['1室1厅1卫', '高楼层 (共27层)', '63.19㎡', '暂无数据', '板楼', '南', '钢混结构', '其他', '两梯八户', '集中供暖', '有']"
"['沈河', '新立堡']",保利达沈河东（保利达翠堤湾）,105,11053,"['2室1厅1卫', '低楼层 (共10层)', '95㎡', '暂无数据', '板楼', '南 北', '钢混结构', '其他', '一梯三户', '集中供暖']"
"['铁西', '霁虹']",富雅豪临,98,11218,"['2室1厅1卫', '低楼层 (共26层)', '87.36㎡', '平层', '塔楼', '西南', '钢混结构', '其他', '两梯四户', '集中供暖', '有']"
"['铁西', '保工南']",神瑞社区,45,12858,"['1室1厅1卫', '高楼层 (共5层)', '35㎡', '暂无数据', '暂无数据', '南', '未知结构', '其他', '一梯一户']"
"['铁西', '保工北']",天和人家,80,10619,"['2室1厅1卫', '中楼层 (共19层)', '75.34㎡', '平层', '塔楼', '南 西', '钢混结构', '其他', '两梯六户', '集中供暖', '有']"
"['于洪', '于洪新城']",阳光100国际新城E组团,72,9600,"['2室1厅1卫', '高楼层 (共32层)', '75㎡', '暂无数据', '塔楼', '西', '钢混结构', '其他', '三梯九户', '集中供暖', '有']"
"['于洪', '造化']",宝能水岸康城,55,7535,"['2室1厅1卫', '中楼层 (共32层)', '73㎡', '平层', '板楼', '南', '钢混结构', '其他', '两梯四户', '集中供暖', '有']"
"['苏家屯', '会展中心']",澳海南樾府,149,18750,"['2室2厅2卫', '高楼层 (共6层)', '79.47㎡', '平层', '板楼', '南 北', '钢混结构', '其他', '一梯两户', '集中供暖']"
"['铁西', '霁虹']",示范和平家园,110,10555,"['2室1厅1卫', '中楼层 (共7层)', '104.22㎡', '平层', '板楼', '南 北', '砖混结构', '其他', '两梯两户', '集中供暖', '有']"
"['沈北新区', '道义']",荣盛坤湖郦舍,58,7161,"['2室2厅1卫', '低楼层 (共28层)', '81㎡', '暂无数据', '暂无数据', '南 北', '未知结构', '简装', '一梯两户']"
"['铁西', '重工街']",凯荣国际花园禧乐都,30,8461,"['1室1厅1卫', '高楼层 (共18层)', '35.46㎡', '暂无数据', '板楼', '西 南', '钢混结构', '其他', '一梯四户', '集中供暖', '有']"
"['苏家屯', '会展中心']",格林喜鹊花园,48,8351,"['2室1厅1卫', '高楼层 (共30层)', '57.48㎡', '平层', '板楼', '南 北', '钢混结构', '其他', '一梯三户', '集中供暖', '有']"
"['铁西', '兴工街']",凯旋门,185,18014,"['2室1厅1卫', '中楼层 (共10层)', '102.7㎡', '平层', '板楼', '南 北', '钢混结构', '精装', '一梯两户', '集中供暖', '有']"
"['皇姑', '三台子']",利生丽园二期,48,7085,"['2室1厅1卫', '中楼层 (共6层)', '67.75㎡', '平层', '板楼', '南 北', '钢混结构', '简装', '一梯三户', '集中供暖']"
"['于洪', '于洪新城']",宏发英树公馆,80,9196,"['2室1厅1卫', '中楼层 (共34层)', '87㎡', '暂无数据', '板塔结合', '南', '钢混结构', '其他', '两梯三户', '集中供暖', '有']"
"['皇姑', '四台子']",中冶溪湖芳庭,71,7804,"['2室1厅1卫', '低楼层 (共18层)', '90.98㎡', '平层', '板楼', '南 北', '钢混结构', '其他', '一梯三户', '集中供暖', '有']"
"['和平', '南市场']",八卦街小区,70,13726,"['2室1厅1卫', '高楼层 (共7层)', '51㎡', '暂无数据', '板楼', '南 西', '砖混结构', '其他', '一梯三户', '集中供暖']"
"['铁西', '张士']",远大家园(沈辽路),90,9000,"['2室2厅1卫', '低楼层 (共17层)', '100㎡', '暂无数据', '板塔结合', '南 北', '混合结构', '其他', '一梯两户', '集中供暖', '有']"
"['于洪', '于洪新城']",水调歌城B区,79,7524,"['3室2厅2卫', '高楼层 (共17层)', '105㎡', '暂无数据', '板楼', '南 北', '钢混结构', '其他', '一梯两户', '集中供暖', '有']"
"['沈北新区', '正良']",华强城一期,41,10141,"['1室1厅1卫', '中楼层 (共31层)', '40.43㎡', '暂无数据', '板楼', '南', '钢混结构', '其他', '四梯十二户', '集中供暖', '有']"
"['浑南', '长青']",塞纳家园,188,12618,"['4室2厅2卫', '低楼层 (共7层)', '149㎡', '暂无数据', '板楼', '南 北', '砖混结构', '其他', '一梯两户', '集中供暖']"
"['铁西', '滑翔']",艳粉8期,40,7792,"['2室1厅1卫', '高楼层 (共7层)', '51.34㎡', '暂无数据', '暂无数据', '南 北', '混合结构', '其他', '一梯三户']"
"['和平', '南湖']",雅宾利花园二期,399,41842,"['5室2厅2卫', '高楼层 (共33层)', '95.36㎡', '平层', '板楼', '南 北', '钢混结构', '精装', '一梯两户', '集中供暖', '有']"
"['和平', '新华广场']",红星社区,114,18689,"['2室1厅1卫', '中楼层 (共8层)', '61㎡', '平层', '板楼', '东 西', '混合结构', '其他', '一梯两户', '集中供暖']"
"['铁西', '保工南']",泰莱·香榭里,150,15983,"['2室1厅1卫', '高楼层 (共8层)', '93.85㎡', '暂无数据', '板楼', '南 北', '砖混结构', '其他', '一梯一户', '集中供暖']"
"['铁西', '重工街']",保利心语花园,140,9666,"['3室1厅2卫', '高楼层 (共17层)', '144.84㎡', '暂无数据', '板楼', '南 北', '钢混结构', '其他', '一梯三户', '集中供暖', '有']"
"['浑南', '新市府']",首创光和城,120,13077,"['3室1厅2卫', '高楼层 (共34层)', '91.77㎡', '平层', '板楼', '南 北', '钢混结构', '其他', '一梯两户', '集中供暖', '有']"
"['浑南', '白塔']",郡原小石城九颂大院,280,18451,"['3室3厅3卫', '高楼层 (共7层)', '151.76㎡', '复式', '板楼', '南 北', '钢混结构', '其他', '一梯两户', '集中供暖', '有']"
"['皇姑', '陵东']",城建北尚C区,90,9744,"['2室2厅2卫', '中楼层 (共10层)', '92.37㎡', '跃层', '板楼', '南 北', '钢混结构', '其他', '一梯八户', '集中供暖', '有']"
"['于洪', '于洪新城']",恒大绿洲（一期四期七期）,85,7523,"['3室2厅1卫', '低楼层 (共32层)', '113㎡', '暂无数据', '板楼', '南 北', '钢混结构', '其他', '两梯六户', '集中供暖', '有']"
"['于洪', '丁香湖']",保利上林湾一期,130,9286,"['3室2厅2卫', '高楼层 (共6层)', '140㎡', '暂无数据', '板楼', '南 北', '钢混结构', '其他', '一梯两户', '集中供暖']"
"['铁西', '北一路']",光明新村,42,8008,"['2室1厅1卫', '高楼层 (共6层)', '52.45㎡', '暂无数据', '板楼', '南 北', '砖混结构', '其他', '一梯三户', '集中供暖']"
"['铁西', '滑翔']",龙城公馆,36,9055,"['1室1厅1卫', '高楼层 (共32层)', '39.76㎡', '暂无数据', '板楼', '东 北', '钢混结构', '简装', '两梯三户', '集中供暖', '有']"
"['沈河', '金廊']",万科春河里,198,28826,"['1室1厅1卫', '高楼层 (共37层)', '68.69㎡', '暂无数据', '塔楼', '西北', '钢混结构', '其他', '三梯八户', '集中供暖', '有']"
"['铁西', '张士']",燕塞湖,50,7962,"['2室1厅1卫', '中楼层 (共6层)', '62.8㎡', '暂无数据', '平房', '南 北', '砖混结构', '其他', '一梯两户', '集中供暖']"
"['于洪', '沙岭']",金沙城典家园,85,8151,"['3室1厅1卫', '高楼层 (共6层)', '104.29㎡', '暂无数据', '暂无数据', '南 北', '未知结构', '其他', '一梯两户']"
"['和平', '马路湾']",当代程式,49,12895,"['1室1厅1卫', '高楼层 (共28层)', '38㎡', '暂无数据', '板楼', '北', '钢混结构', '精装', '两梯九户', '集中供暖', '有']"
"['于洪', '造化']",海逸铭筑,72,7827,"['3室2厅1卫', '低楼层 (共6层)', '92㎡', '平层', '板塔结合', '南 北', '钢混结构', '毛坯', '一梯两户', '集中供暖']"
"['浑南', '新市府']",中海半山华府,220,17038,"['3室2厅2卫', '中楼层 (共17层)', '129.13㎡', '暂无数据', '板楼', '南 北', '钢混结构', '精装', '一梯两户', '集中供暖']"
"['沈北新区', '新城子']",阳光新城,59.7,5853,"['3室1厅1卫', '低楼层 (共3层)', '102㎡', '平层', '板楼', '南 北 东', '钢混结构', '精装', '一梯一户', '集中供暖']"
"['于洪', '荷兰村']",鹏泰花园,85,9043,"['3室2厅1卫', '低楼层 (共4层)', '94㎡', '暂无数据', '板楼', '南 北', '钢混结构', '精装', '一梯两户', '集中供暖']"
"['于洪', '于洪新城']",碧桂园银河城锦园,110,11658,"['2室1厅1卫', '中楼层 (共33层)', '94.36㎡', '平层', '板楼', '南 北', '钢混结构', '精装', '一梯两户', '集中供暖', '有']"
"['沈河', '五爱']",泊岸华庭,185,17404,"['3室2厅1卫', '中楼层 (共7层)', '106.3㎡', '暂无数据', '板楼', '南 北', '混合结构', '其他', '一梯两户', '集中供暖']"
"['于洪', '于洪新城']",新城惠泽园,45,8182,"['2室1厅1卫', '高楼层 (共6层)', '55㎡', '暂无数据', '板楼', '南 北', '混合结构', '其他', '一梯三户', '集中供暖']"
"['铁西', '重工街']",美好愿景,55,8184,"['2室1厅1卫', '低楼层 (共27层)', '67.21㎡', '平层', '板楼', '西', '钢混结构', '其他', '两梯六户', '集中供暖', '有']"
"['沈北新区', '道义']",荣盛盛京绿洲,35,8868,"['1室1厅1卫', '低楼层 (共18层)', '39.47㎡', '暂无数据', '板楼', '南', '钢混结构', '精装', '两梯四户', '集中供暖', '有']"
"['浑南', '长青']",华发岭南荟,290,18543,"['3室2厅2卫', '中楼层 (共7层)', '156.4㎡', '平层', '板楼', '南 北', '砖混结构', '精装', '两梯两户', '集中供暖', '有']"
"['浑南', '东湖']",保利和光尘樾,255,21201,"['3室2厅2卫', '高楼层 (共6层)', '120.28㎡', '平层', '板楼', '南 北', '钢混结构', '毛坯', '一梯两户', '集中供暖']"
"['沈河', '方家栏']",和泰东方园,141,9045,"['3室2厅2卫', '低楼层 (共12层)', '155.9㎡', '平层', '板楼', '南 北', '框架结构', '精装', '一梯两户', '集中供暖', '有']"
"['于洪', '于洪广场']",和泰尚东区,58,8530,"['2室1厅1卫', '低楼层 (共6层)', '68㎡', '暂无数据', '板楼', '南 北', '砖混结构', '其他', '一梯三户', '集中供暖']"
"['皇姑', '北站北']",永泰小区,50,3402,"['4室2厅2卫', '高楼层 (共7层)', '147㎡', '暂无数据', '暂无数据', '南', '未知结构', '其他', '一梯一户', '集中供暖']"
"['皇姑', '北行']",中乾商务花园,22,6471,"['1室1厅1卫', '中楼层 (共26层)', '34㎡', '暂无数据', '板塔结合', '北', '钢混结构', '简装', '三梯十八户', '集中供暖', '有']"
"['于洪', '丁香湖']",中铁丁香水岸,118,12000,"['3室2厅1卫', '高楼层 (共6层)', '98.34㎡', '暂无数据', '板楼', '南 北', '钢混结构', '其他', '一梯两户', '集中供暖']"
"['大东', '望花']",望花新村,37,6380,"['1室1厅1卫', '中楼层 (共8层)', '58㎡', '暂无数据', '板楼', '南', '混合结构', '其他', '一梯三户', '集中供暖']"
"['和平', '长白']",滨河湾二期,78,14698,"['1室1厅1卫', '中楼层 (共25层)', '53.07㎡', '平层', '板楼', '南', '钢混结构', '精装', '十二梯三户', '集中供暖', '有']"
['新民市'],美国郡温泉小镇,7,2414,"['1室0厅1卫', '高楼层 (共12层)', '29㎡', '暂无数据', '暂无数据', '南', '未知结构', '其他', '一梯一户']"
"['于洪', '于洪广场']",世代龙城,80,10409,"['2室2厅1卫', '高楼层 (共6层)', '76.86㎡', '暂无数据', '板楼', '南 北', '砖混结构', '其他', '一梯三户', '集中供暖']"
"['沈河', '新立堡']",保利花园五期,129,14342,"['1室1厅0卫', '中楼层 (共6层)', '89.95㎡', '暂无数据', '板楼', '南 北', '钢混结构', '其他', '一梯两户', '集中供暖']"
"['大东', '望花']",旭辉东樾城,110,11199,"['3室1厅2卫', '高楼层 (共25层)', '98.23㎡', '平层', '板楼', '南 北', '钢混结构', '毛坯', '一梯两户', '集中供暖']"
"['皇姑', '北行']",华城小区,30,7318,"['1室1厅1卫', '中楼层 (共8层)', '41㎡', '暂无数据', '板楼', '南', '框架结构', '其他', '一梯五户', '集中供暖']"
"['于洪', '西三台子']",五彩上筑,76,8266,"['2室2厅1卫', '高楼层 (共19层)', '91.95㎡', '暂无数据', '板楼', '南 北', '钢混结构', '其他', '一梯三户', '集中供暖']"
"['铁西', '霁虹']",新湖北国之春,160,12289,"['3室2厅2卫', '中楼层 (共6层)', '130.2㎡', '暂无数据', '板楼', '南 北', '钢混结构', '其他', '一梯两户', '集中供暖']"
"['于洪', '于洪广场']",和泰馨城香樟园,62,7729,"['2室2厅1卫', '中楼层 (共4层)', '80.22㎡', '暂无数据', '板塔结合', '南 北', '钢混结构', '简装', '一梯两户', '集中供暖']"
"['苏家屯', '会展中心']",华府丹郡,70,7618,"['2室2厅1卫', '低楼层 (共33层)', '91.89㎡', '暂无数据', '板楼', '南 北', '钢混结构', '简装', '两梯三户', '集中供暖', '有']"
"['大东', '八王寺']",城中艺景,147,14000,"['2室1厅1卫', '低楼层 (共26层)', '105㎡', '平层', '板楼', '东北', '钢混结构', '其他', '两梯两户', '集中供暖', '有']"
"['沈北新区', '道义']",皇家首座,50,11112,"['1室1厅1卫', '中楼层 (共29层)', '45㎡', '平层', '板楼', '西', '钢混结构', '其他', '四梯二十六户', '集中供暖', '有']"
"['浑南', '白塔']",银塔馨苑,80,7143,"['3室2厅1卫', '中楼层 (共6层)', '112㎡', '暂无数据', '板楼', '南 北', '砖混结构', '其他', '一梯三户', '集中供暖', '有']"
"['铁西', '兴工街']",沈辽东路,44,5449,"['2室1厅1卫', '高楼层 (共8层)', '80.76㎡', '暂无数据', '暂无数据', '南 北', '未知结构', '其他', '一梯一户']"
"['沈河', '大西']",广昌小区,35,9460,"['1室1厅1卫', '中楼层 (共9层)', '37㎡', '暂无数据', '板楼', '南', '砖混结构', '其他', '一梯四户', '集中供暖']"
"['于洪', '于洪新城']",华沃滨河湾,82,11897,"['2室1厅1卫', '高楼层 (共17层)', '68.93㎡', '平层', '板楼', '南 北', '钢混结构', '精装', '一梯三户', '集中供暖']"
"['皇姑', '塔湾']",中海寰宇天下GD区,140,15731,"['2室1厅1卫', '低楼层 (共34层)', '89㎡', '暂无数据', '板楼', '南 北', '钢混结构', '其他', '两梯三户', '集中供暖', '有']"
"['沈北新区', '蒲河新城']",天恒森林里,28,6467,"['1室1厅1卫', '低楼层 (共6层)', '43.3㎡', '暂无数据', '板楼', '南', '钢混结构', '其他', '一梯三户', '集中供暖']"
"['沈河', '泉园']",长青小区,44,7858,"['2室1厅1卫', '高楼层 (共7层)', '56㎡', '暂无数据', '板楼', '南 北', '砖混结构', '其他', '一梯三户', '集中供暖']"
"['浑南', '奥体']",名流公馆,120,12904,"['2室2厅1卫', '低楼层 (共32层)', '93㎡', '暂无数据', '板楼', '南', '钢混结构', '其他', '一梯三户', '集中供暖', '有']"
"['皇姑', '塔湾']",中海寰宇天下F区,175,18173,"['2室1厅1卫', '高楼层 (共34层)', '96.3㎡', '暂无数据', '板楼', '南 北', '钢混结构', '其他', '一梯两户', '集中供暖', '有']"
"['沈河', '万柳塘']",大万莲社区,108,10286,"['3室2厅1卫', '低楼层 (共7层)', '105㎡', '暂无数据', '板楼', '南 北', '钢混结构', '其他', '一梯三户', '集中供暖']"
"['于洪', '陵西']",壹米阳光,50,8037,"['2室2厅1卫', '中楼层 (共27层)', '62.22㎡', '暂无数据', '板塔结合', '东北', '钢混结构', '精装', '两梯三户', '集中供暖', '有']"
"['浑南', '奥体']",融大浑河湾,210,14789,"['3室2厅2卫', '中楼层 (共5层)', '142㎡', '平层', '板楼', '南 北', '钢混结构', '精装', '一梯两户', '集中供暖']"
"['浑南', '新市府']",尚盈丽城,56,7000,"['2室2厅1卫', '高楼层 (共33层)', '80㎡', '暂无数据', '板楼', '南 北', '钢混结构', '其他', '两梯三户', '集中供暖', '有']"
"['和平', '长白']",中海和平之门,142,19174,"['2室2厅1卫', '低楼层 (共27层)', '74.06㎡', '暂无数据', '板楼', '东南', '钢混结构', '其他', '一梯三户', '集中供暖', '有']"
"['浑南', '奥体']",金水花城二期,58,14842,"['1室1厅1卫', '中楼层 (共12层)', '39.08㎡', '平层', '板楼', '南 北', '钢混结构', '精装', '一梯四户', '集中供暖', '有']"
"['和平', '长白']",格林玫瑰湾,269,22992,"['3室2厅2卫', '高楼层 (共34层)', '117㎡', '平层', '板塔结合', '南 北', '钢混结构', '其他', '一梯两户', '集中供暖', '有']"
"['皇姑', '塔湾']",百鸟西苑,160,12286,"['3室1厅1卫', '中楼层 (共6层)', '130.23㎡', '平层', '板楼', '南 北', '混合结构', '其他', '两梯两户', '集中供暖', '有']"
"['铁西', '保工北']",富云新都西区,68,9560,"['2室1厅1卫', '高楼层 (共7层)', '71.13㎡', '平层', '板楼', '南 北 西', '钢混结构', '其他', '一梯三户', '集中供暖']"
"['皇姑', '北行']",胜利小区,34,6356,"['2室1厅1卫', '中楼层 (共7层)', '53.5㎡', '平层', '板楼', '南 北', '砖混结构', '其他', '一梯三户', '集中供暖']"
"['大东', '八王寺']",吉祥花园,109,8624,"['3室1厅1卫', '低楼层 (共7层)', '126.4㎡', '平层', '板楼', '南 北', '混合结构', '其他', '一梯两户', '集中供暖']"
"['铁西', '云峰']",巴塞罗那一期,145,14657,"['2室2厅1卫', '高楼层 (共30层)', '98.93㎡', '暂无数据', '板楼', '南 北', '钢混结构', '精装', '一梯两户', '集中供暖', '有']"
"['沈北新区', '道义']",中铁人杰水岸一期,92,10071,"['2室1厅1卫', '低楼层 (共26层)', '91.36㎡', '平层', '板楼', '南 北', '钢混结构', '其他', '两梯四户', '集中供暖', '有']"
"['大东', '上园']",梧桐园,45,8940,"['2室1厅1卫', '中楼层 (共7层)', '50.34㎡', '暂无数据', '板楼', '南', '混合结构', '其他', '一梯三户', '集中供暖', '有']"
"['于洪', '于洪广场']",沈新园,55,8266,"['2室1厅1卫', '高楼层 (共6层)', '66.54㎡', '暂无数据', '板楼', '南 北', '砖混结构', '其他', '一梯三户', '集中供暖']"
"['沈北新区', '道义']",荣盛坤湖郦舍,60,7397,"['2室2厅1卫', '中楼层 (共26层)', '81.12㎡', '平层', '板楼', '南 北', '钢混结构', '其他', '一梯三户', '集中供暖', '有']"
"['和平', '长白']",华润幸福里,210,22780,"['2室1厅1卫', '低楼层 (共24层)', '92.19㎡', '平层', '78㎡', '板楼', '南 北', '钢混结构', '其他', '一梯三户', '集中供暖', '有']"
"['皇姑', '四台子']",保利溪湖林语五期,80,10724,"['2室1厅1卫', '中楼层 (共18层)', '74.6㎡', '暂无数据', '板楼', '东南', '钢混结构', '其他', '一梯三户', '集中供暖', '有']"
"['大东', '上园']",康都,42,8236,"['1室1厅1卫', '高楼层 (共15层)', '51㎡', '平层', '板楼', '东北', '钢混结构', '其他', '两梯七户', '集中供暖', '有']"
"['于洪', '西三台子']",恒大城二期,95,7787,"['3室2厅2卫', '中楼层 (共28层)', '122㎡', '暂无数据', '板塔结合', '南 北', '钢混结构', '其他', '两梯四户', '集中供暖', '有']"
"['浑南', '长青']",万科新里程,140,10492,"['3室1厅2卫', '高楼层 (共22层)', '133.44㎡', '暂无数据', '板楼', '南 北', '钢混结构', '其他', '两梯三户', '集中供暖', '有']"
"['皇姑', '塔湾']",亿海阳光一期,110,11608,"['2室1厅1卫', '低楼层 (共31层)', '94.77㎡', '暂无数据', '板楼', '南 北', '混合结构', '其他', '两梯四户', '集中供暖', '有']"
"['浑南', '新市府']",府城名著,210,18422,"['3室2厅2卫', '低楼层 (共8层)', '114㎡', '暂无数据', '板楼', '南 北', '框架结构', '其他', '一梯两户', '集中供暖']"
"['于洪', '于洪广场']",东湖街,38.8,6929,"['2室1厅1卫', '高楼层 (共6层)', '56㎡', '平层', '板楼', '南 北', '混合结构', '其他', '一梯三户', '集中供暖']"
"['于洪', '丁香湖']",丁香湖畔新城,60,5596,"['2室1厅2卫', '中楼层 (共8层)', '107.23㎡', '暂无数据', '板楼', '南 北', '钢混结构', '其他', '一梯两户', '集中供暖']"
"['浑南', '新市府']",中海半山华府,190,17593,"['3室2厅2卫', '中楼层 (共17层)', '108㎡', '平层', '板楼', '南 北', '钢混结构', '其他', '一梯两户', '集中供暖']"
"['浑南', '新市府']",恒大盛京印象,117,13600,"['2室2厅1卫', '中楼层 (共31层)', '86.03㎡', '平层', '板楼', '南 北', '钢混结构', '精装', '一梯两户', '集中供暖', '有']"
"['铁西', '张士']",万科西华府南区,247,19021,"['3室2厅2卫', '中楼层 (共6层)', '129.86㎡', '平层', '板楼', '南 北', '钢混结构', '其他', '一梯两户', '集中供暖', '有']"
"['于洪', '于洪新城']",招商雍景湾,165,12993,"['3室2厅2卫', '高楼层 (共33层)', '127㎡', '暂无数据', '板楼', '南 北', '钢混结构', '精装', '一梯两户', '集中供暖', '有']"
"['皇姑', '塔湾']",格林常青藤,160,13495,"['3室1厅2卫', '中楼层 (共31层)', '118.57㎡', '暂无数据', '板楼', '西 南 北', '钢混结构', '其他', '两梯四户', '集中供暖', '有']"
"['铁西', '重工街']",假日普罗旺斯南区,98,11239,"['2室1厅1卫', '低楼层 (共6层)', '87.2㎡', '平层', '板楼', '南 北', '钢混结构', '其他', '一梯两户', '集中供暖']"
"['铁西', '启工街']",方大胜景,195,16667,"['3室1厅1卫', '高楼层 (共18层)', '117㎡', '平层', '板楼', '南 北', '混合结构', '其他', '一梯两户', '集中供暖']"
"['于洪', '于洪广场']",明颂华庭,30,7229,"['1室1厅1卫', '中楼层 (共6层)', '41.5㎡', '暂无数据', '板楼', '南', '砖混结构', '其他', '一梯三户']"
"['皇姑', '四台子']",中冶溪湖芳庭,50,9091,"['1室1厅1卫', '高楼层 (共18层)', '55㎡', '暂无数据', '板楼', '南', '钢混结构', '其他', '两梯九户', '集中供暖', '有']"
"['于洪', '于洪新城']",碧桂园银河城依云,112,13253,"['2室2厅1卫', '低楼层 (共30层)', '84.51㎡', '暂无数据', '板楼', '北 南 东', '钢混结构', '其他', '一梯两户', '集中供暖']"
"['浑南', '东湖']",金地艺境,119,13493,"['3室2厅1卫', '中楼层 (共9层)', '88.2㎡', '平层', '板楼', '南 西 北', '钢混结构', '其他', '一梯两户', '集中供暖', '有']"
"['浑南', '长青']",金地棕榈岛,162,13540,"['3室1厅2卫', '高楼层 (共39层)', '119.65㎡', '平层', '板楼', '西南', '钢混结构', '其他', '一梯两户', '集中供暖', '有', '民水', '民电', '3.3元/m3']"
"['沈北新区', '正良']",步阳江南甲第四期,85,9462,"['2室1厅1卫', '低楼层 (共18层)', '89.84㎡', '平层', '板楼', '南 北', '钢混结构', '其他', '一梯三户', '集中供暖']"
"['于洪', '造化']",保利观唐,179,13431,"['4室2厅2卫', '高楼层 (共6层)', '133.28㎡', '暂无数据', '板楼', '南 北', '钢混结构', '其他', '一梯一户', '集中供暖']"
"['铁西', '经济技术开发区']",融创城四期,71,8403,"['2室2厅1卫', '高楼层 (共15层)', '84.5㎡', '平层', '板楼', '南 北', '框架结构', '其他', '两梯两户', '集中供暖', '有']"
"['和平', '长白']",中冶上和湾,178,15345,"['3室2厅1卫', '高楼层 (共33层)', '116㎡', '暂无数据', '板楼', '南 北', '钢混结构', '其他', '一梯两户', '集中供暖', '有']"
"['铁西', '经济技术开发区']",美域天成,63,10328,"['2室1厅1卫', '中楼层 (共5层)', '61㎡', '暂无数据', '板楼', '南', '钢混结构', '其他', '一梯三户', '集中供暖']"
"['铁西', '兴工街']",宏伟茗都,110,10376,"['2室1厅1卫', '中楼层 (共6层)', '106.02㎡', '暂无数据', '板楼', '南 北', '砖混结构', '简装', '一梯两户', '集中供暖']"
"['于洪', '于洪新城']",新城惠泽园,60,8025,"['2室1厅1卫', '中楼层 (共6层)', '74.77㎡', '平层', '板楼', '南 北', '钢混结构', '其他', '一梯三户', '集中供暖']"
"['于洪', '于洪新城']",宏发英树公馆,80,9196,"['2室1厅1卫', '中楼层 (共34层)', '87㎡', '暂无数据', '板塔结合', '南', '钢混结构', '其他', '两梯三户', '集中供暖', '有']"
"['沈北新区', '道义']",荣盛盛京绿洲,67.6,6947,"['3室2厅2卫', '中楼层 (共18层)', '97.31㎡', '暂无数据', '板楼', '西南 北', '钢混结构', '毛坯', '一梯两户', '集中供暖', '有']"
"['浑南', '新市府']",尚盈丽城,70,7527,"['2室2厅1卫', '中楼层 (共33层)', '93㎡', '暂无数据', '板楼', '北 南', '钢混结构', '其他', '一梯三户', '集中供暖', '有']"
"['铁西', '重工街']",保利心语花园,102,9536,"['3室2厅1卫', '低楼层 (共18层)', '106.97㎡', '暂无数据', '板楼', '南 北', '钢混结构', '其他', '一梯三户', '集中供暖', '有']"
"['浑南', '二十一世纪']",万科明天广场,140,14988,"['2室2厅1卫', '中楼层 (共29层)', '93.41㎡', '平层', '板塔结合', '南 北', '钢混结构', '精装', '一梯两户', '集中供暖', '有']"
"['于洪', '丁香湖']",中铁香湖,130,14482,"['3室2厅1卫', '高楼层 (共27层)', '89.77㎡', '暂无数据', '板楼', '南 北', '钢混结构', '其他', '两梯两户', '集中供暖', '有']"
"['浑南', '白塔']",郡原小石城九颂大院,260,15837,"['4室3厅3卫', '高楼层 (共7层)', '164.18㎡', '复式', '板楼', '北 南', '钢混结构', '简装', '一梯一户', '集中供暖', '有']"
"['于洪', '荷兰村']",格林木棉花,89,9077,"['3室2厅2卫', '高楼层 (共18层)', '98.06㎡', '平层', '板楼', '东 南 北', '钢混结构', '其他', '一梯两户', '集中供暖', '有']"
"['和平', '南湖']",光明花园110号院,39,7223,"['1室1厅1卫', '中楼层 (共8层)', '54㎡', '暂无数据', '板楼', '南 北', '钢混结构', '其他', '一梯两户', '集中供暖']"
"['大东', '东中街']",龙之梦畅园,195,14127,"['3室2厅1卫', '高楼层 (共40层)', '138.04㎡', '暂无数据', '板楼', '南 北', '钢混结构', '其他', '两梯四户', '集中供暖', '有']"
"['于洪', '于洪广场']",洪湖街1-33号,46,7932,"['2室1厅1卫', '中楼层 (共6层)', '58㎡', '暂无数据', '板楼', '南 北', '钢混结构', '其他', '一梯三户', '集中供暖', '有']"
"['沈北新区', '道义']",汇置尚郡,135,10800,"['3室2厅2卫', '高楼层 (共8层)', '125㎡', '平层', '板楼', '南 北', '钢混结构', '其他', '一梯两户', '集中供暖']"
"['铁西', '经济技术开发区']",荣盛锦绣天地,65,8004,"['2室1厅1卫', '中楼层 (共8层)', '81.21㎡', '暂无数据', '板楼', '南 北', '钢混结构', '精装', '两梯两户', '集中供暖', '有']"
"['和平', '长白']",马总花园,110,12228,"['2室2厅1卫', '高楼层 (共34层)', '89.96㎡', '暂无数据', '板楼', '南 北', '钢混结构', '精装', '一梯三户', '集中供暖', '有']"
"['和平', '长白']",马总花园,110,12223,"['2室1厅1卫', '高楼层 (共34层)', '90㎡', '暂无数据', '板楼', '北 南', '钢混结构', '其他', '一梯三户', '集中供暖', '有']"
"['沈北新区', '道义']",雅居乐花园B地块,90,10193,"['2室2厅1卫', '低楼层 (共33层)', '88.3㎡', '平层', '板楼', '南 北', '钢混结构', '毛坯', '一梯两户', '集中供暖']"
"['浑南', '白塔']",金石小镇,190,17432,"['3室2厅2卫', '低楼层 (共7层)', '109㎡', '平层', '板楼', '北 南', '钢混结构', '其他', '两梯两户', '集中供暖', '有']"
"['沈北新区', '道义']",鲁班尚品,53,7615,"['2室1厅1卫', '高楼层 (共18层)', '69.6㎡', '平层', '板楼', '南', '钢混结构', '简装', '一梯四户', '集中供暖', '有']"
"['浑南', '奥体']",首创国际城,135,13615,"['3室2厅1卫', '中楼层 (共34层)', '99.16㎡', '平层', '板楼', '南 北', '钢混结构', '精装', '两梯五户', '集中供暖', '有']"
"['铁西', '保工北']",亚美利加,126,13391,"['2室2厅1卫', '低楼层 (共27层)', '94.1㎡', '平层', '板楼', '南 北', '钢混结构', '其他', '两梯两户', '集中供暖', '有']"
"['浑南', '二十一世纪']",金地檀府,155,14530,"['3室2厅1卫', '高楼层 (共34层)', '106.68㎡', '平层', '板楼', '南 北', '钢混结构', '精装', '一梯三户', '集中供暖', '有']"
"['皇姑', '四台子']",万科金域华府,130,13629,"['3室2厅1卫', '高楼层 (共32层)', '95.39㎡', '平层', '板楼', '南 北', '钢混结构', '其他', '两梯九户', '集中供暖', '有']"
"['铁西', '霁虹']",新湖中国印象,138,13800,"['2室2厅1卫', '高楼层 (共11层)', '100㎡', '平层', '板楼', '南 北', '钢混结构', '精装', '四梯两户', '集中供暖', '有']"
"['于洪', '于洪新城']",碧桂园银河城都荟,145,12500,"['3室1厅2卫', '中楼层 (共33层)', '116㎡', '平层', '板楼', '南 北', '钢混结构', '其他', '一梯两户', '集中供暖', '有']"
"['沈河', '金廊']",向善家园,69,20910,"['1室1厅1卫', '高楼层 (共7层)', '33㎡', '平层', '板楼', '南', '混合结构', '简装', '一梯三户', '集中供暖']"
"['于洪', '西三台子']",七彩阳光,70,7968,"['2室1厅1卫', '中楼层 (共17层)', '87.86㎡', '平层', '板楼', '南 北', '钢混结构', '其他', '一梯三户', '集中供暖', '有']"
"['浑南', '二十一世纪']",汇水湾,70,10172,"['2室1厅1卫', '中楼层 (共18层)', '68.82㎡', '平层', '板楼', '南', '钢混结构', '精装', '一梯五户', '集中供暖', '有']"
"['于洪', '丁香湖']",中铁香湖三期,115,12922,"['2室2厅1卫', '低楼层 (共27层)', '89㎡', '平层', '板楼', '南 北', '钢混结构', '其他', '两梯两户', '集中供暖', '有']"
"['和平', '太原街']",中冶凯悦名都,52,9868,"['1室0厅1卫', '中楼层 (共37层)', '52.7㎡', '暂无数据', '塔楼', '南', '钢混结构', '其他', '六梯二十四户', '集中供暖', '有']"
"['于洪', '丁香湖']",中铁香湖,105,11798,"['2室1厅1卫', '低楼层 (共28层)', '89㎡', '平层', '板楼', '南 北', '钢混结构', '毛坯', '一梯三户', '集中供暖', '有']"
"['铁西', '张士']",益格名邸,43,10367,"['1室1厅1卫', '中楼层 (共5层)', '41.48㎡', '平层', '板楼', '南', '混合结构', '简装', '一梯三户', '集中供暖']"
"['和平', '满融']",九洲湾景汇,107,13339,"['2室1厅1卫', '低楼层 (共10层)', '80.22㎡', '平层', '板楼', '南 北', '钢混结构', '其他', '一梯两户', '集中供暖', '有']"
"['浑南', '营城子']",雍华御景,75,8865,"['2室1厅1卫', '中楼层 (共22层)', '84.61㎡', '平层', '板楼', '南 北', '钢混结构', '精装', '一梯三户', '集中供暖']"
"['和平', '太原街']",富润阳光,125,20638,"['2室1厅1卫', '高楼层 (共33层)', '60.57㎡', '平层', '板塔结合', '南 北', '钢混结构', '其他', '四梯十户', '集中供暖', '有']"
"['铁西', '保工北']",天和人家,89.9,11970,"['2室1厅1卫', '高楼层 (共11层)', '75.11㎡', '平层', '板楼', '南 西 北', '钢混结构', '精装', '一梯三户', '集中供暖', '有']"
"['皇姑', '北站北']",新新小区,20,5228,"['1室1厅1卫', '高楼层 (共7层)', '38.26㎡', '平层', '板楼', '南', '钢混结构', '精装', '一梯三户', '集中供暖']"
"['和平', '长白']",中冶上和郡,105,17500,"['1室2厅1卫', '中楼层 (共32层)', '60㎡', '平层', '暂无数据', '南', '未知结构', '毛坯', '一梯三户']"
"['和平', '长白']",远洋康桥郡,220,23914,"['2室1厅1卫', '中楼层 (共18层)', '92㎡', '平层', '板楼', '北 南', '钢混结构', '其他', '两梯四户', '集中供暖', '有']"
"['于洪', '于洪新城']",顺丰新未来,39,7477,"['2室1厅1卫', '高楼层 (共24层)', '52.16㎡', '平层', '板楼', '南', '砖混结构', '其他', '四梯十七户', '集中供暖', '有']"
"['铁西', '铁西广场']",万科金域国际,150,17530,"['2室2厅1卫', '低楼层 (共33层)', '85.57㎡', '平层', '板楼', '南 北', '钢混结构', '精装', '一梯三户', '集中供暖', '有']"
"['皇姑', '长客']",崇山小区,21.5,5213,"['1室1厅1卫', '高楼层 (共7层)', '41.25㎡', '平层', '板楼', '南 北', '钢混结构', '其他', '一梯三户', '集中供暖']"
"['浑南', '新市府']",尚盈丽城,52,7566,"['2室2厅1卫', '高楼层 (共33层)', '68.73㎡', '平层', '板楼', '南 北', '钢混结构', '简装', '一梯三户', '集中供暖', '有']"
"['沈河', '金廊']",文华小区,28,8659,"['1室1厅1卫', '低楼层 (共8层)', '32.34㎡', '平层', '板楼', '南', '砖混结构', '其他', '一梯四户', '集中供暖']"
"['沈河', '东五里河']",越秀星汇云锦（二期）,588,31957,"['4室2厅3卫', '中楼层 (共32层)', '184㎡', '平层', '板楼', '南 北', '钢混结构', '精装', '两梯两户', '集中供暖', '有']"
"['浑南', '长青']",文华街三号院,72,8736,"['2室1厅1卫', '中楼层 (共30层)', '82.42㎡', '平层', '板楼', '南', '钢混结构', '其他', '两梯十二户', '集中供暖', '有']"
"['沈北新区', '道义']",荣盛香缇澜山二期,68,8591,"['2室1厅1卫', '低楼层 (共18层)', '79.16㎡', '平层', '板楼', '南 北', '钢混结构', '其他', '两梯三户', '集中供暖', '有']"
"['铁西', '张士']",华润24城,121,14169,"['2室2厅1卫', '高楼层 (共29层)', '85.4㎡', '平层', '板楼', '北 南', '钢混结构', '其他', '一梯两户', '集中供暖', '有']"
"['沈北新区', '正良']",华强城二期,72,10611,"['2室1厅1卫', '低楼层 (共32层)', '67.86㎡', '平层', '板塔结合', '南 北', '钢混结构', '其他', '一梯一户', '集中供暖']"
"['于洪', '于洪广场']",万科公园大道,99,13266,"['2室1厅1卫', '中楼层 (共19层)', '74.63㎡', '平层', '板楼', '南 北', '钢混结构', '精装', '一梯三户', '集中供暖', '有']"
"['皇姑', '塔湾']",中海寰宇天下A区,100,12603,"['2室1厅1卫', '低楼层 (共33层)', '79.35㎡', '平层', '板楼', '南', '钢混结构', '精装', '两梯四户', '集中供暖', '有']"
"['沈北新区', '正良']",中央大学城,47.9,8193,"['1室1厅1卫', '中楼层 (共12层)', '58.47㎡', '平层', '板楼', '南', '钢混结构', '精装', '一梯八户', '集中供暖', '有']"
"['浑南', '营城子']",后林新村,64,7018,"['2室1厅1卫', '中楼层 (共6层)', '91.2㎡', '平层', '板楼', '南 北', '砖混结构', '简装', '一梯三户', '集中供暖']"
"['铁西', '保工北']",雍禾府,380,24837,"['3室2厅2卫', '中楼层 (共5层)', '153㎡', '平层', '板楼', '南 北', '钢混结构', '其他', '一梯两户', '集中供暖']"
"['浑南', '白塔']",碧桂园公园里,115,11174,"['3室2厅2卫', '高楼层 (共32层)', '102.92㎡', '平层', '板楼', '南 北', '钢混结构', '其他', '一梯两户', '集中供暖', '有']"
"['浑南', '奥体']",万锦香樟树一二期,120,14719,"['3室2厅1卫', '高楼层 (共33层)', '81.53㎡', '平层', '板楼', '南 北 东', '钢混结构', '其他', '一梯两户', '集中供暖', '有']"
"['铁西', '云峰']",南十东路,45,8654,"['2室1厅1卫', '高楼层 (共6层)', '52㎡', '平层', '板楼', '南 北', '钢混结构', '其他', '一梯三户', '集中供暖']"
"['于洪', '丁香湖']",美的城,105,10048,"['3室2厅2卫', '高楼层 (共33层)', '104.5㎡', '平层', '板楼', '南 北', '钢混结构', '精装', '一梯四户', '集中供暖', '有']"
"['沈北新区', '道义']",吾悦华府,107,9984,"['3室2厅2卫', '高楼层 (共33层)', '107.18㎡', '平层', '板楼', '南 北', '钢混结构', '毛坯', '一梯两户', '集中供暖']"
"['浑南', '新南站']",华发全运首府（和硕园）,118,12292,"['3室1厅1卫', '高楼层 (共33层)', '96㎡', '平层', '板楼', '南 北', '钢混结构', '其他', '一梯两户', '集中供暖', '有']"
"['铁西', '经济技术开发区']",荣盛幸福大道,63,8098,"['2室1厅1卫', '中楼层 (共8层)', '77.8㎡', '平层', '板楼', '南 北', '钢混结构', '简装', '一梯两户', '集中供暖']"
"['浑南', '长青']",金地滨河国际·悦城,110,13207,"['2室1厅1卫', '高楼层 (共29层)', '83.29㎡', '平层', '83.29㎡', '板塔结合', '南 北', '钢混结构', '简装', '一梯四户', '集中供暖', '有']"
"['沈河', '金融中心']",狮慈社区,96,7869,"['3室2厅1卫', '低楼层 (共8层)', '122㎡', '平层', '板塔结合', '南 北', '混合结构', '其他', '一梯两户', '集中供暖']"
"['浑南', '理工大学']",嘉华新城,35,6141,"['1室1厅1卫', '高楼层 (共6层)', '57㎡', '平层', '板楼', '南', '钢混结构', '简装', '一梯三户', '集中供暖']"
"['浑南', '营城子']",后林新村,50,6411,"['2室2厅1卫', '中楼层 (共6层)', '78㎡', '平层', '板楼', '南 北', '砖混结构', '简装', '一梯两户', '集中供暖']"
"['皇姑', '长客']",华润紫云府,93,15241,"['1室1厅1卫', '低楼层 (共25层)', '61.02㎡', '平层', '板楼', '南', '钢混结构', '其他', '一梯三户', '集中供暖', '有']"
"['于洪', '西三台子']",宝郡盛唐雍景,150,11628,"['3室2厅1卫', '高楼层 (共18层)', '129㎡', '平层', '板楼', '南 北', '钢混结构', '其他', '一梯一户', '集中供暖']"
"['浑南', '白塔']",亿博隆河谷,105,11011,"['2室1厅1卫', '高楼层 (共34层)', '95.36㎡', '平层', '板楼', '南 北', '钢混结构', '毛坯', '一梯两户', '集中供暖', '有']"
"['大东', '八王寺']",东祥小区,43,7993,"['2室1厅1卫', '高楼层 (共8层)', '53.8㎡', '平层', '板楼', '南 北', '混合结构', '其他', '一梯三户', '集中供暖']"
"['铁西', '经济技术开发区']",美域天成,89.99,10756,"['2室1厅1卫', '中楼层 (共5层)', '83.67㎡', '平层', '板楼', '南 北', '钢混结构', '精装', '一梯三户', '集中供暖']"
"['沈北新区', '正良']",华强城一期,51,9623,"['1室1厅1卫', '高楼层 (共31层)', '53㎡', '平层', '板楼', '东北', '钢混结构', '其他', '四梯二十一户', '集中供暖', '有']"
"['浑南', '新南站']",华发全运首府（固伦府）,111,11844,"['3室1厅1卫', '低楼层 (共33层)', '93.72㎡', '平层', '板楼', '南 北', '钢混结构', '精装', '一梯两户', '集中供暖', '有']"
"['皇姑', '陵东']",城建北尚C区,100,8920,"['3室2厅1卫', '低楼层 (共10层)', '112.11㎡', '平层', '板楼', '南 北', '钢混结构', '精装', '一梯两户', '集中供暖', '有']"
"['皇姑', '北陵']",兴建小区,57,7500,"['3室1厅1卫', '低楼层 (共6层)', '76㎡', '平层', '板楼', '南 北', '砖混结构', '简装', '一梯三户', '集中供暖']"
"['铁西', '保工北']",假日蓝湾,45,11367,"['1室1厅1卫', '高楼层 (共24层)', '39.59㎡', '平层', '板楼', '西北', '钢混结构', '其他', '两梯六户', '集中供暖', '有']"
"['浑南', '东湖']",保利和光尘樾,255,21250,"['3室2厅2卫', '低楼层 (共6层)', '120㎡', '平层', '板楼', '南 北', '钢混结构', '毛坯', '一梯两户', '集中供暖']"
"['沈北新区', '道义']",碧桂园太阳城,74,9584,"['2室1厅1卫', '中楼层 (共31层)', '77.22㎡', '平层', '板楼', '南 北', '钢混结构', '其他', '一梯三户', '集中供暖', '有']"
"['浑南', '白塔']",碧桂园公园里,89,10767,"['2室1厅1卫', '中楼层 (共32层)', '82.66㎡', '平层', '板塔结合', '南 北', '钢混结构', '精装', '一梯两户', '集中供暖', '有']"
"['皇姑', '塔湾']",新汉城社区,47,7487,"['2室1厅1卫', '高楼层 (共6层)', '62.78㎡', '平层', '板楼', '南', '混合结构', '其他', '一梯三户', '集中供暖']"
"['苏家屯', '会展中心']",恒大名都三期,105,8963,"['3室2厅1卫', '高楼层 (共32层)', '117.16㎡', '平层', '板楼', '北 南', '钢混结构', '精装', '一梯两户', '集中供暖', '有']"
"['铁西', '云峰']",移动馨城,60,12912,"['1室1厅1卫', '中楼层 (共26层)', '46.47㎡', '平层', '板楼', '东', '钢混结构', '其他', '三梯九户', '集中供暖', '有']"
"['和平', '长白']",翰逸华园,130,15117,"['2室2厅1卫', '高楼层 (共6层)', '86㎡', '平层', '板楼', '南 北', '砖混结构', '精装', '一梯两户', '集中供暖']"
"['沈北新区', '正良']",华强城一期,53,9715,"['1室1厅1卫', '中楼层 (共31层)', '54.56㎡', '平层', '板楼', '东 北', '钢混结构', '其他', '四梯十二户', '集中供暖', '有']"
"['沈北新区', '道义']",碧桂园太阳城,70,8868,"['2室1厅1卫', '高楼层 (共31层)', '78.94㎡', '平层', '板楼', '南 东南', '钢混结构', '其他', '一梯三户', '集中供暖', '有']"
"['铁西', '艳粉']",艳路四期康居小区北区,22,5790,"['1室1厅1卫', '高楼层 (共8层)', '38㎡', '平层', '板楼', '南', '混合结构', '其他', '一梯三户', '集中供暖']"
"['铁西', '保工北']",旭辉锦堂,230,18889,"['3室2厅2卫', '中楼层 (共32层)', '121.77㎡', '平层', '板楼', '南 北', '钢混结构', '精装', '一梯两户', '集中供暖', '有']"
"['和平', '长白']",滨河湾一期,120,13954,"['3室1厅1卫', '中楼层 (共6层)', '86㎡', '平层', '板楼', '南 北', '砖混结构', '其他', '一梯两户', '集中供暖']"
"['皇姑', '四台子']",保利溪湖林语五期,55,11521,"['1室1厅1卫', '低楼层 (共18层)', '47.74㎡', '平层', '板楼', '东北', '钢混结构', '其他', '两梯三户', '集中供暖', '有']"
"['于洪', '荷兰村']",华润置地八號院,248,17909,"['4室2厅2卫', '高楼层 (共6层)', '138.48㎡', '平层', '板楼', '北 南', '钢混结构', '精装', '一梯两户', '集中供暖', '有']"
"['沈北新区', '正良']",祥瑞家园,82,6933,"['2室1厅1卫', '中楼层 (共6层)', '118.28㎡', '平层', '板楼', '南 北', '钢混结构', '精装', '一梯三户', '集中供暖']"
"['浑南', '奥体']",金地樾檀山,210,15616,"['3室2厅2卫', '高楼层 (共29层)', '134.48㎡', '平层', '板楼', '东 南 北', '钢混结构', '毛坯', '一梯两户', '集中供暖']"
"['浑南', '白塔']",郡原小石城八期蓝湾一期,92,9777,"['3室1厅1卫', '高楼层 (共27层)', '94.1㎡', '平层', '板楼', '南 北', '钢混结构', '其他', '一梯三户', '集中供暖', '有']"
"['于洪', '于洪新城']",保利海德公园,138,11500,"['3室2厅2卫', '高楼层 (共32层)', '120㎡', '平层', '板塔结合', '南 北', '钢混结构', '精装', '一梯两户', '集中供暖', '有']"
"['和平', '长白']",长安佳园,125,16047,"['2室1厅1卫', '中楼层 (共18层)', '77.9㎡', '平层', '板楼', '南 北', '钢混结构', '简装', '一梯三户', '集中供暖', '有']"
"['铁西', '工人村']",湖景豪庭,56,13152,"['1室1厅1卫', '中楼层 (共6层)', '42.58㎡', '平层', '板楼', '南', '混合结构', '精装', '一梯四户', '集中供暖']"
"['于洪', '丁香湖']",保利上林湾,84.9,9748,"['2室2厅1卫', '高楼层 (共6层)', '87.1㎡', '平层', '板楼', '南 北', '钢混结构', '精装', '一梯两户', '集中供暖']"
"['大东', '上园']",枫丹白露,63,8514,"['2室1厅1卫', '高楼层 (共26层)', '74㎡', '平层', '板楼', '南 西', '钢混结构', '简装', '两梯九户', '集中供暖', '有']"
"['沈河', '泉园']",航萃园,110,10186,"['2室2厅1卫', '中楼层 (共6层)', '108㎡', '平层', '板楼', '南', '砖混结构', '其他', '十九梯两户', '集中供暖', '有']"
"['于洪', '荷兰村']",中海城锦城,75,8965,"['2室2厅1卫', '低楼层 (共33层)', '83.66㎡', '平层', '板楼', '南 北', '钢混结构', '其他', '一梯两户', '集中供暖', '有']"
"['和平', '三好街']",霍尔寓所,127,19272,"['2室1厅1卫', '中楼层 (共32层)', '65.9㎡', '平层', '板楼', '东南', '钢混结构', '其他', '一梯四户', '集中供暖', '有']"
"['于洪', '于洪广场']",和泰金葵园,52,7625,"['2室1厅1卫', '低楼层 (共6层)', '68.2㎡', '平层', '板楼', '南 北', '混合结构', '精装', '一梯三户', '集中供暖']"
"['皇姑', '北行']",长江南小区,23,6675,"['1室1厅1卫', '高楼层 (共7层)', '34.46㎡', '平层', '板楼', '南 北', '砖混结构', '其他', '一梯三户', '集中供暖']"
"['大东', '陶瓷城']",金地檀悦,87,11355,"['2室1厅1卫', '中楼层 (共20层)', '76.62㎡', '平层', '板楼', '南 北', '钢混结构', '其他', '一梯两户', '集中供暖', '有']"
"['浑南', '长青']",万科金域蓝湾,160,15797,"['2室1厅1卫', '中楼层 (共25层)', '101.29㎡', '平层', '板楼', '南 北', '钢混结构', '其他', '一梯两户', '集中供暖', '有']"
"['沈北新区', '正良']",融创唐轩公馆,100,12603,"['2室1厅1卫', '中楼层 (共32层)', '79.35㎡', '平层', '板楼', '东南', '钢混结构', '其他', '一梯三户', '集中供暖']"
"['和平', '长白']",滨河湾一期,88,12243,"['2室1厅1卫', '低楼层 (共6层)', '71.88㎡', '平层', '板楼', '南 北', '混合结构', '其他', '一梯两户', '集中供暖']"
